{
  "HP_BOUNDS": [41.809647, 41.780482, -87.615877, -87.579056],
  "WALKING_SPEED_PER_MIN": 80
}